{
  "ID": "6500d827-eae1-4bd3-998e-f79de4a3c373",
  "Version": "3.10.0.0",
  "Name": "0_Quest_MultipleChoice",
  "Content": {
    "Content": {
      "Animation": {
        "Duration": 0,
        "Speed": 1.0,
        "Timelines": [],
        "ctype": "TimelineActionData"
      },
      "AnimationList": [],
      "ObjectData": {
        "Tag": 14,
        "Children": [
          {
            "FileData": {
              "Type": "Normal",
              "Path": "art/bg.jpg",
              "Plist": ""
            },
            "BlendFunc": {
              "Src": 770,
              "Dst": 771
            },
            "AnchorPoint": {
              "ScaleX": 0.5,
              "ScaleY": 0.5
            },
            "Position": {
              "X": 639.2219,
              "Y": 398.8687
            },
            "Scale": {
              "ScaleX": 1.0,
              "ScaleY": 1.0
            },
            "CColor": {},
            "IconVisible": false,
            "PrePosition": {
              "X": 0.4994,
              "Y": 0.4986
            },
            "PreSize": {
              "X": 1.0,
              "Y": 1.0
            },
            "LeftMargin": -0.7781,
            "RightMargin": 0.7781,
            "TopMargin": 1.1313,
            "BottomMargin": -1.1313,
            "Tag": 2,
            "ActionTag": -1981505857,
            "Size": {
              "X": 1280.0,
              "Y": 800.0
            },
            "Name": "spr_bg",
            "ctype": "SpriteObjectData"
          },
          {
            "FileData": {
              "Type": "Normal",
              "Path": "art/logo.png",
              "Plist": ""
            },
            "BlendFunc": {
              "Src": 1,
              "Dst": 771
            },
            "AnchorPoint": {
              "ScaleX": 0.5,
              "ScaleY": 0.5
            },
            "Position": {
              "X": 204.7282,
              "Y": 758.5496
            },
            "Scale": {
              "ScaleX": 1.0,
              "ScaleY": 1.0
            },
            "CColor": {},
            "IconVisible": false,
            "PrePosition": {
              "X": 0.1599,
              "Y": 0.9482
            },
            "PreSize": {
              "X": 0.3,
              "Y": 0.0812
            },
            "LeftMargin": 12.7282,
            "RightMargin": 883.2718,
            "TopMargin": 8.9504,
            "BottomMargin": 726.0496,
            "Tag": 8,
            "ActionTag": 751422308,
            "Size": {
              "X": 384.0,
              "Y": 65.0
            },
            "Name": "spr_logo",
            "ctype": "SpriteObjectData"
          },
          {
            "FileData": {
              "Type": "Normal",
              "Path": "art/bg_quest.png",
              "Plist": ""
            },
            "BlendFunc": {
              "Src": 1,
              "Dst": 771
            },
            "AnchorPoint": {
              "ScaleX": 0.5,
              "ScaleY": 0.5
            },
            "Position": {
              "X": 313.7715,
              "Y": 387.1891
            },
            "Scale": {
              "ScaleX": 1.0,
              "ScaleY": 1.0
            },
            "CColor": {},
            "IconVisible": false,
            "PrePosition": {
              "X": 0.2451,
              "Y": 0.484
            },
            "PreSize": {
              "X": 0.3961,
              "Y": 0.6288
            },
            "LeftMargin": 60.2715,
            "RightMargin": 712.7285,
            "TopMargin": 161.3109,
            "BottomMargin": 135.6891,
            "Tag": 9,
            "Children": [
              {
                "IsCustomSize": true,
                "FontSize": 24,
                "LabelText": "CÂU HỎI SỐ 10",
                "FontResource": {
                  "Type": "Normal",
                  "Path": "font/UVNVan_B.TTF",
                  "Plist": ""
                },
                "HorizontalAlignmentType": "HT_Center",
                "VerticalAlignmentType": "VT_Center",
                "OutlineColor": {
                  "G": 0,
                  "B": 0
                },
                "ShadowColor": {
                  "R": 110,
                  "G": 110,
                  "B": 110
                },
                "ShadowOffsetX": 2.0,
                "ShadowOffsetY": -2.0,
                "AnchorPoint": {
                  "ScaleX": 0.5,
                  "ScaleY": 0.5
                },
                "Position": {
                  "X": 263.242,
                  "Y": 447.1579
                },
                "Scale": {
                  "ScaleX": 1.0,
                  "ScaleY": 1.0
                },
                "CColor": {
                  "R": 0,
                  "G": 0,
                  "B": 0
                },
                "IconVisible": false,
                "PrePosition": {
                  "X": 0.5192,
                  "Y": 0.889
                },
                "PreSize": {
                  "X": 0.5917,
                  "Y": 0.0994
                },
                "LeftMargin": 113.242,
                "RightMargin": 93.758,
                "TopMargin": 30.8421,
                "BottomMargin": 422.1579,
                "Tag": 21,
                "ActionTag": 1341687352,
                "Size": {
                  "X": 300.0,
                  "Y": 50.0
                },
                "Name": "lbl_nbquest",
                "ctype": "TextObjectData"
              },
              {
                "InnerNodeSize": {
                  "Width": 495,
                  "Height": 800
                },
                "ScrollDirectionType": "Vertical",
                "ClipAble": true,
                "BackColorAlpha": 0,
                "ComboBoxIndex": 1,
                "SingleColor": {
                  "G": 150,
                  "B": 100
                },
                "FirstColor": {
                  "G": 150,
                  "B": 100
                },
                "EndColor": {},
                "ColorVector": {
                  "ScaleY": 1.0
                },
                "Scale9Width": 1,
                "Scale9Height": 1,
                "TouchEnable": true,
                "AnchorPoint": {},
                "Position": {
                  "X": 11.7842,
                  "Y": 52.854
                },
                "Scale": {
                  "ScaleX": 1.0,
                  "ScaleY": 1.0
                },
                "CColor": {},
                "IconVisible": false,
                "PrePosition": {
                  "X": 0.0232,
                  "Y": 0.1051
                },
                "PreSize": {
                  "X": 0.9763,
                  "Y": 0.7256
                },
                "LeftMargin": 11.7842,
                "RightMargin": 0.2158,
                "TopMargin": 85.146,
                "BottomMargin": 52.854,
                "Tag": 19,
                "Children": [
                  {
                    "IsCustomSize": true,
                    "FontSize": 17,
                    "LabelText": "UNCLOS cho phép các bên có quyền lựa chọn một trong 4 cơ chế: Tòa án công lý quốc tế, Tòa án quốc tế về Luật biển, Trọng tài theo phụ lục VII và Trọng tài theo phụ lục VIII. Nếu các bên không lựa chọn một trong số 4 cơ chế nêu trên thì Trọng tài theo phụ lục VII là cơ chế bắt buộc được sử dụng để giải quyết tranh chấp\nUNCLOS cho phép các bên có quyền lựa chọn một trong 4 cơ chế: Tòa án công lý quốc tế, Tòa án quốc tế về Luật biển, Trọng tài theo phụ lục VII và Trọng tài theo phụ lục VIII. Nếu các bên không lựa chọn một trong số 4 cơ chế nêu trên thì Trọng tài theo phụ lục VII là cơ chế bắt buộc được sử dụng để giải quyết tranh chấp\nUNCLOS cho phép các bên có quyền lựa chọn một trong 4 cơ chế: Tòa án công lý quốc tế, Tòa án quốc tế về Luật biển, Trọng tài theo phụ lục VII và Trọng tài theo phụ lục VIII. Nếu các bên không lựa chọn một trong số 4 cơ chế nêu trên thì Trọng tài theo phụ lục VII là cơ chế bắt buộc được sử dụng để giải quyết tranh chấp",
                    "FontResource": {
                      "Type": "Normal",
                      "Path": "font/UVNVan_B.TTF",
                      "Plist": ""
                    },
                    "OutlineColor": {
                      "G": 0,
                      "B": 0
                    },
                    "ShadowColor": {
                      "R": 110,
                      "G": 110,
                      "B": 110
                    },
                    "ShadowOffsetX": 2.0,
                    "ShadowOffsetY": -2.0,
                    "AnchorPoint": {
                      "ScaleX": 0.5,
                      "ScaleY": 0.5
                    },
                    "Position": {
                      "X": 241.5619,
                      "Y": 398.9931
                    },
                    "Scale": {
                      "ScaleX": 1.0,
                      "ScaleY": 1.0
                    },
                    "CColor": {
                      "R": 0,
                      "G": 0,
                      "B": 0
                    },
                    "IconVisible": false,
                    "PrePosition": {
                      "X": 0.488,
                      "Y": 0.4987
                    },
                    "PreSize": {
                      "X": 0.9596,
                      "Y": 1.0
                    },
                    "LeftMargin": 4.0619,
                    "RightMargin": 15.9381,
                    "TopMargin": 1.0069,
                    "BottomMargin": -1.0069,
                    "Tag": 20,
                    "ActionTag": 1642589597,
                    "Size": {
                      "X": 475.0,
                      "Y": 800.0
                    },
                    "Name": "lbl_quest",
                    "ctype": "TextObjectData"
                  }
                ],
                "ActionTag": 349186579,
                "Size": {
                  "X": 495.0,
                  "Y": 365.0
                },
                "Name": "ScrollView",
                "ctype": "ScrollViewObjectData"
              }
            ],
            "ActionTag": -2057153607,
            "Size": {
              "X": 507.0,
              "Y": 503.0
            },
            "Name": "bg_quest",
            "ctype": "SpriteObjectData"
          },
          {
            "FileData": {
              "Type": "Normal",
              "Path": "art/bg_timeresults.png",
              "Plist": ""
            },
            "BlendFunc": {
              "Src": 1,
              "Dst": 771
            },
            "AnchorPoint": {
              "ScaleX": 0.5,
              "ScaleY": 0.5
            },
            "Position": {
              "X": 1510.8531,
              "Y": 749.53
            },
            "Scale": {
              "ScaleX": 1.0,
              "ScaleY": 1.0
            },
            "CColor": {},
            "IconVisible": false,
            "PrePosition": {
              "X": 1.1804,
              "Y": 0.9369
            },
            "PreSize": {
              "X": 0.1617,
              "Y": 0.0725
            },
            "LeftMargin": 1407.3531,
            "RightMargin": -334.3531,
            "TopMargin": 21.47,
            "BottomMargin": 720.53,
            "Tag": 22,
            "Children": [
              {
                "IsCustomSize": true,
                "FontSize": 22,
                "LabelText": "THỜI GIAN",
                "FontResource": {
                  "Type": "Normal",
                  "Path": "font/UVNVan_B.TTF",
                  "Plist": ""
                },
                "HorizontalAlignmentType": "HT_Right",
                "VerticalAlignmentType": "VT_Center",
                "OutlineColor": {
                  "G": 0,
                  "B": 0
                },
                "ShadowColor": {
                  "R": 110,
                  "G": 110,
                  "B": 110
                },
                "ShadowOffsetX": 2.0,
                "ShadowOffsetY": -2.0,
                "AnchorPoint": {
                  "ScaleX": 0.5,
                  "ScaleY": 0.5
                },
                "Position": {
                  "X": -128.4731,
                  "Y": 30.9291
                },
                "Scale": {
                  "ScaleX": 1.0,
                  "ScaleY": 1.0
                },
                "CColor": {
                  "R": 30,
                  "G": 144
                },
                "IconVisible": false,
                "PrePosition": {
                  "X": -0.6206,
                  "Y": 0.5333
                },
                "PreSize": {
                  "X": 1.2077,
                  "Y": 0.8621
                },
                "LeftMargin": -253.4731,
                "RightMargin": 210.4731,
                "TopMargin": 2.0709,
                "BottomMargin": 5.9291,
                "Tag": 23,
                "ActionTag": -1065251415,
                "Size": {
                  "X": 250.0,
                  "Y": 50.0
                },
                "Name": "lbl_texttime",
                "ctype": "TextObjectData"
              },
              {
                "IsCustomSize": true,
                "FontSize": 22,
                "LabelText": "10.20.999",
                "FontResource": {
                  "Type": "Normal",
                  "Path": "font/UVNVan_B.TTF",
                  "Plist": ""
                },
                "HorizontalAlignmentType": "HT_Center",
                "VerticalAlignmentType": "VT_Center",
                "OutlineColor": {
                  "G": 0,
                  "B": 0
                },
                "ShadowColor": {
                  "R": 110,
                  "G": 110,
                  "B": 110
                },
                "ShadowOffsetX": 2.0,
                "ShadowOffsetY": -2.0,
                "AnchorPoint": {
                  "ScaleX": 0.5,
                  "ScaleY": 0.5
                },
                "Position": {
                  "X": 103.863,
                  "Y": 31.6392
                },
                "Scale": {
                  "ScaleX": 1.0,
                  "ScaleY": 1.0
                },
                "CColor": {},
                "IconVisible": false,
                "PrePosition": {
                  "X": 0.5018,
                  "Y": 0.5455
                },
                "PreSize": {
                  "X": 0.8696,
                  "Y": 0.7759
                },
                "LeftMargin": 13.863,
                "RightMargin": 13.137,
                "TopMargin": 3.8608,
                "BottomMargin": 9.1392,
                "Tag": 16,
                "ActionTag": -716254155,
                "Size": {
                  "X": 180.0,
                  "Y": 45.0
                },
                "Name": "lbl_timeresult",
                "ctype": "TextObjectData"
              }
            ],
            "ActionTag": -566014611,
            "Size": {
              "X": 207.0,
              "Y": 58.0
            },
            "Name": "spr_bgtime",
            "ctype": "SpriteObjectData"
          },
          {
            "FileData": {
              "Type": "Normal",
              "Path": "art/bg_scoreresults.png",
              "Plist": ""
            },
            "BlendFunc": {
              "Src": 1,
              "Dst": 771
            },
            "AnchorPoint": {
              "ScaleX": 0.5,
              "ScaleY": 0.5
            },
            "Position": {
              "X": 1511.1995,
              "Y": 687.6316
            },
            "Scale": {
              "ScaleX": 1.0,
              "ScaleY": 1.0
            },
            "CColor": {},
            "IconVisible": false,
            "PrePosition": {
              "X": 1.1806,
              "Y": 0.8595
            },
            "PreSize": {
              "X": 0.1617,
              "Y": 0.0737
            },
            "LeftMargin": 1407.6995,
            "RightMargin": -334.6995,
            "TopMargin": 82.8684,
            "BottomMargin": 658.1316,
            "Tag": 17,
            "Children": [
              {
                "IsCustomSize": true,
                "FontSize": 22,
                "LabelText": "ĐIỂM",
                "FontResource": {
                  "Type": "Normal",
                  "Path": "font/UVNVan_B.TTF",
                  "Plist": ""
                },
                "HorizontalAlignmentType": "HT_Right",
                "VerticalAlignmentType": "VT_Center",
                "OutlineColor": {
                  "G": 0,
                  "B": 0
                },
                "ShadowColor": {
                  "R": 110,
                  "G": 110,
                  "B": 110
                },
                "ShadowOffsetX": 2.0,
                "ShadowOffsetY": -2.0,
                "AnchorPoint": {
                  "ScaleX": 0.5,
                  "ScaleY": 0.5
                },
                "Position": {
                  "X": -128.4731,
                  "Y": 30.9291
                },
                "Scale": {
                  "ScaleX": 1.0,
                  "ScaleY": 1.0
                },
                "CColor": {},
                "IconVisible": false,
                "PrePosition": {
                  "X": -0.6206,
                  "Y": 0.5242
                },
                "PreSize": {
                  "X": 1.2077,
                  "Y": 0.8475
                },
                "LeftMargin": -253.4731,
                "RightMargin": 210.4731,
                "TopMargin": 3.0709,
                "BottomMargin": 5.9291,
                "Tag": 18,
                "ActionTag": -1449869645,
                "Size": {
                  "X": 250.0,
                  "Y": 50.0
                },
                "Name": "lbl_textscore",
                "ctype": "TextObjectData"
              },
              {
                "IsCustomSize": true,
                "FontSize": 22,
                "LabelText": "300",
                "FontResource": {
                  "Type": "Normal",
                  "Path": "font/UVNVan_B.TTF",
                  "Plist": ""
                },
                "HorizontalAlignmentType": "HT_Center",
                "VerticalAlignmentType": "VT_Center",
                "OutlineColor": {
                  "G": 0,
                  "B": 0
                },
                "ShadowColor": {
                  "R": 110,
                  "G": 110,
                  "B": 110
                },
                "ShadowOffsetX": 2.0,
                "ShadowOffsetY": -2.0,
                "AnchorPoint": {
                  "ScaleX": 0.5,
                  "ScaleY": 0.5
                },
                "Position": {
                  "X": 103.863,
                  "Y": 31.6392
                },
                "Scale": {
                  "ScaleX": 1.0,
                  "ScaleY": 1.0
                },
                "CColor": {},
                "IconVisible": false,
                "PrePosition": {
                  "X": 0.5018,
                  "Y": 0.5363
                },
                "PreSize": {
                  "X": 0.8696,
                  "Y": 0.7627
                },
                "LeftMargin": 13.863,
                "RightMargin": 13.137,
                "TopMargin": 4.8608,
                "BottomMargin": 9.1392,
                "Tag": 19,
                "ActionTag": -161353152,
                "Size": {
                  "X": 180.0,
                  "Y": 45.0
                },
                "Name": "lbl_scoreresult",
                "ctype": "TextObjectData"
              }
            ],
            "ActionTag": 474668843,
            "Size": {
              "X": 207.0,
              "Y": 59.0
            },
            "Name": "spr_bgscore",
            "ctype": "SpriteObjectData"
          },
          {
            "IsCustomSize": true,
            "FontSize": 30,
            "LabelText": "VÒNG I",
            "FontResource": {
              "Type": "Normal",
              "Path": "font/UVNVan_B.TTF",
              "Plist": ""
            },
            "HorizontalAlignmentType": "HT_Right",
            "VerticalAlignmentType": "VT_Center",
            "OutlineColor": {
              "G": 0,
              "B": 0
            },
            "ShadowColor": {
              "R": 110,
              "G": 110,
              "B": 110
            },
            "ShadowOffsetX": 2.0,
            "ShadowOffsetY": -2.0,
            "AnchorPoint": {
              "ScaleX": 0.5,
              "ScaleY": 0.5
            },
            "Position": {
              "X": 74.7715,
              "Y": 64.9801
            },
            "Scale": {
              "ScaleX": 1.0,
              "ScaleY": 1.0
            },
            "CColor": {},
            "IconVisible": false,
            "PrePosition": {
              "X": 0.0584,
              "Y": 0.0812
            },
            "PreSize": {
              "X": 0.1172,
              "Y": 0.0625
            },
            "LeftMargin": -0.2285,
            "RightMargin": 1130.2285,
            "TopMargin": 710.0199,
            "BottomMargin": 39.9801,
            "Tag": 21,
            "ActionTag": -2093486585,
            "Size": {
              "X": 150.0,
              "Y": 50.0
            },
            "Name": "textround",
            "ctype": "TextObjectData"
          },
          {
            "FontSize": 14,
            "ButtonText": "",
            "TextColor": {
              "R": 65,
              "G": 65,
              "B": 70
            },
            "DisabledFileData": {
              "Type": "Normal",
              "Path": "art/btn_a3.png",
              "Plist": ""
            },
            "PressedFileData": {
              "Type": "Normal",
              "Path": "art/btn_a2.png",
              "Plist": ""
            },
            "NormalFileData": {
              "Type": "Normal",
              "Path": "art/btn_a1.png",
              "Plist": ""
            },
            "Scale9Enable": true,
            "Scale9OriginX": 15,
            "Scale9OriginY": 11,
            "Scale9Width": 588,
            "Scale9Height": 102,
            "OutlineColor": {
              "G": 0,
              "B": 0
            },
            "ShadowColor": {
              "R": 110,
              "G": 110,
              "B": 110
            },
            "ShadowOffsetX": 2.0,
            "ShadowOffsetY": -2.0,
            "TouchEnable": true,
            "AnchorPoint": {
              "ScaleX": 0.5,
              "ScaleY": 0.5
            },
            "Position": {
              "X": 914.0837,
              "Y": 567.7728
            },
            "Scale": {
              "ScaleX": 1.0,
              "ScaleY": 1.0
            },
            "CColor": {},
            "IconVisible": false,
            "PrePosition": {
              "X": 0.7141,
              "Y": 0.7097
            },
            "PreSize": {
              "X": 0.4828,
              "Y": 0.155
            },
            "LeftMargin": 605.0837,
            "RightMargin": 56.9163,
            "TopMargin": 170.2272,
            "BottomMargin": 505.7728,
            "Tag": 10,
            "Children": [
              {
                "IsCustomSize": true,
                "FontSize": 16,
                "LabelText": "UNCLOS cho phép các bên có quyền lựa chọn một trong 4 cơ chế: Tòa án công lý quốc tế, Tòa án quốc tế về Luật biển, Trọng tài theo phụ lục VII và Trọng tài theo phụ lục VIII. Nếu các bên không lựa chọn một trong số 4 cơ chế nêu trên thì Trọng tài theo phụ lục VII là cơ chế bắt buộc được sử dụng để giải quyết tranh chấp",
                "FontResource": {
                  "Type": "Normal",
                  "Path": "font/UVNVan_B.TTF",
                  "Plist": ""
                },
                "VerticalAlignmentType": "VT_Center",
                "OutlineColor": {
                  "G": 0,
                  "B": 0
                },
                "ShadowColor": {
                  "R": 110,
                  "G": 110,
                  "B": 110
                },
                "ShadowOffsetX": 2.0,
                "ShadowOffsetY": -2.0,
                "AnchorPoint": {
                  "ScaleX": 0.5,
                  "ScaleY": 0.5
                },
                "Position": {
                  "X": 355.1991,
                  "Y": 67.5153
                },
                "Scale": {
                  "ScaleX": 1.0,
                  "ScaleY": 1.0
                },
                "CColor": {
                  "R": 0,
                  "G": 0,
                  "B": 0
                },
                "IconVisible": false,
                "PrePosition": {
                  "X": 0.5748,
                  "Y": 0.5445
                },
                "PreSize": {
                  "X": 0.8091,
                  "Y": 0.8871
                },
                "LeftMargin": 105.1991,
                "RightMargin": 12.8009,
                "TopMargin": 1.4847,
                "BottomMargin": 12.5153,
                "Tag": 14,
                "ActionTag": 691018756,
                "Size": {
                  "X": 500.0,
                  "Y": 110.0
                },
                "Name": "lbl_ans0",
                "ctype": "TextObjectData"
              },
              {
                "FileData": {
                  "Type": "Normal",
                  "Path": "art/bganschoose.png",
                  "Plist": ""
                },
                "BlendFunc": {
                  "Src": 1,
                  "Dst": 771
                },
                "AnchorPoint": {
                  "ScaleX": 0.5,
                  "ScaleY": 0.5
                },
                "Position": {
                  "X": 306.8508,
                  "Y": 69.6644
                },
                "Scale": {
                  "ScaleX": 1.0,
                  "ScaleY": 1.0
                },
                "CColor": {},
                "IconVisible": false,
                "PrePosition": {
                  "X": 0.4965,
                  "Y": 0.5618
                },
                "PreSize": {
                  "X": 0.9935,
                  "Y": 0.9597
                },
                "LeftMargin": -0.1492,
                "RightMargin": 4.1492,
                "TopMargin": -5.1644,
                "BottomMargin": 10.1644,
                "Tag": 20,
                "ActionTag": -422277032,
                "Size": {
                  "X": 614.0,
                  "Y": 119.0
                },
                "Name": "spr_ansTF0",
                "ctype": "SpriteObjectData"
              }
            ],
            "ActionTag": -1044147026,
            "Size": {
              "X": 618.0,
              "Y": 124.0
            },
            "Name": "btn_ans0",
            "ctype": "ButtonObjectData"
          },
          {
            "FontSize": 14,
            "ButtonText": "",
            "TextColor": {
              "R": 65,
              "G": 65,
              "B": 70
            },
            "DisabledFileData": {
              "Type": "Normal",
              "Path": "art/btn_b3.png",
              "Plist": ""
            },
            "PressedFileData": {
              "Type": "Normal",
              "Path": "art/btn_b2.png",
              "Plist": ""
            },
            "NormalFileData": {
              "Type": "Normal",
              "Path": "art/btn_b1.png",
              "Plist": ""
            },
            "Scale9Enable": true,
            "Scale9OriginX": 15,
            "Scale9OriginY": 11,
            "Scale9Width": 588,
            "Scale9Height": 102,
            "OutlineColor": {
              "G": 0,
              "B": 0
            },
            "ShadowColor": {
              "R": 110,
              "G": 110,
              "B": 110
            },
            "ShadowOffsetX": 2.0,
            "ShadowOffsetY": -2.0,
            "TouchEnable": true,
            "AnchorPoint": {
              "ScaleX": 0.5,
              "ScaleY": 0.5
            },
            "Position": {
              "X": 914.0837,
              "Y": 441.5859
            },
            "Scale": {
              "ScaleX": 1.0,
              "ScaleY": 1.0
            },
            "CColor": {},
            "IconVisible": false,
            "PrePosition": {
              "X": 0.7141,
              "Y": 0.552
            },
            "PreSize": {
              "X": 0.4828,
              "Y": 0.155
            },
            "LeftMargin": 605.0837,
            "RightMargin": 56.9163,
            "TopMargin": 296.4141,
            "BottomMargin": 379.5859,
            "Tag": 18,
            "Children": [
              {
                "IsCustomSize": true,
                "FontSize": 16,
                "LabelText": "UNCLOS cho phép các bên có quyền lựa chọn một trong 4 cơ chế: Tòa án công lý quốc tế, Tòa án quốc tế về Luật biển, Trọng tài theo phụ lục VII và Trọng tài theo phụ lục VIII. Nếu các bên không lựa chọn một trong số 4 cơ chế nêu trên thì Trọng tài theo phụ lục VII là cơ chế bắt buộc được sử dụng để giải quyết tranh chấp",
                "FontResource": {
                  "Type": "Normal",
                  "Path": "font/UVNVan_B.TTF",
                  "Plist": ""
                },
                "VerticalAlignmentType": "VT_Center",
                "OutlineColor": {
                  "G": 0,
                  "B": 0
                },
                "ShadowColor": {
                  "R": 110,
                  "G": 110,
                  "B": 110
                },
                "ShadowOffsetX": 2.0,
                "ShadowOffsetY": -2.0,
                "AnchorPoint": {
                  "ScaleX": 0.5,
                  "ScaleY": 0.5
                },
                "Position": {
                  "X": 355.1991,
                  "Y": 67.5153
                },
                "Scale": {
                  "ScaleX": 1.0,
                  "ScaleY": 1.0
                },
                "CColor": {
                  "R": 0,
                  "G": 0,
                  "B": 0
                },
                "IconVisible": false,
                "PrePosition": {
                  "X": 0.5748,
                  "Y": 0.5445
                },
                "PreSize": {
                  "X": 0.8091,
                  "Y": 0.8871
                },
                "LeftMargin": 105.1991,
                "RightMargin": 12.8009,
                "TopMargin": 1.4847,
                "BottomMargin": 12.5153,
                "Tag": 19,
                "ActionTag": 62997283,
                "Size": {
                  "X": 500.0,
                  "Y": 110.0
                },
                "Name": "lbl_ans1",
                "ctype": "TextObjectData"
              },
              {
                "FileData": {
                  "Type": "Normal",
                  "Path": "art/bganschoose.png",
                  "Plist": ""
                },
                "BlendFunc": {
                  "Src": 1,
                  "Dst": 771
                },
                "AnchorPoint": {
                  "ScaleX": 0.4986,
                  "ScaleY": 0.5029
                },
                "Position": {
                  "X": 305.9777,
                  "Y": 70.9283
                },
                "Scale": {
                  "ScaleX": 1.0,
                  "ScaleY": 1.0
                },
                "CColor": {},
                "IconVisible": false,
                "PrePosition": {
                  "X": 0.4951,
                  "Y": 0.572
                },
                "PreSize": {
                  "X": 0.9935,
                  "Y": 0.9597
                },
                "LeftMargin": -0.1493,
                "RightMargin": 4.1493,
                "TopMargin": -6.0853,
                "BottomMargin": 11.0853,
                "Tag": 20,
                "ActionTag": 451918834,
                "Size": {
                  "X": 614.0,
                  "Y": 119.0
                },
                "Name": "spr_ansTF1",
                "ctype": "SpriteObjectData"
              }
            ],
            "ActionTag": 1849923578,
            "Size": {
              "X": 618.0,
              "Y": 124.0
            },
            "Name": "btn_ans1",
            "ctype": "ButtonObjectData"
          },
          {
            "FontSize": 14,
            "ButtonText": "",
            "TextColor": {
              "R": 65,
              "G": 65,
              "B": 70
            },
            "DisabledFileData": {
              "Type": "Normal",
              "Path": "art/btn_c3.png",
              "Plist": ""
            },
            "PressedFileData": {
              "Type": "Normal",
              "Path": "art/btn_c2.png",
              "Plist": ""
            },
            "NormalFileData": {
              "Type": "Normal",
              "Path": "art/btn_c1.png",
              "Plist": ""
            },
            "Scale9Enable": true,
            "Scale9OriginX": 15,
            "Scale9OriginY": 11,
            "Scale9Width": 588,
            "Scale9Height": 102,
            "OutlineColor": {
              "G": 0,
              "B": 0
            },
            "ShadowColor": {
              "R": 110,
              "G": 110,
              "B": 110
            },
            "ShadowOffsetX": 2.0,
            "ShadowOffsetY": -2.0,
            "TouchEnable": true,
            "AnchorPoint": {
              "ScaleX": 0.5,
              "ScaleY": 0.5
            },
            "Position": {
              "X": 914.0837,
              "Y": 315.3987
            },
            "Scale": {
              "ScaleX": 1.0,
              "ScaleY": 1.0
            },
            "CColor": {},
            "IconVisible": false,
            "PrePosition": {
              "X": 0.7141,
              "Y": 0.3942
            },
            "PreSize": {
              "X": 0.4828,
              "Y": 0.155
            },
            "LeftMargin": 605.0837,
            "RightMargin": 56.9163,
            "TopMargin": 422.6013,
            "BottomMargin": 253.3987,
            "Tag": 21,
            "Children": [
              {
                "IsCustomSize": true,
                "FontSize": 16,
                "LabelText": "UNCLOS cho phép các bên có quyền lựa chọn một trong 4 cơ chế: Tòa án công lý quốc tế, Tòa án quốc tế về Luật biển, Trọng tài theo phụ lục VII và Trọng tài theo phụ lục VIII. Nếu các bên không lựa chọn một trong số 4 cơ chế nêu trên thì Trọng tài theo phụ lục VII là cơ chế bắt buộc được sử dụng để giải quyết tranh chấp",
                "FontResource": {
                  "Type": "Normal",
                  "Path": "font/UVNVan_B.TTF",
                  "Plist": ""
                },
                "VerticalAlignmentType": "VT_Center",
                "OutlineColor": {
                  "G": 0,
                  "B": 0
                },
                "ShadowColor": {
                  "R": 110,
                  "G": 110,
                  "B": 110
                },
                "ShadowOffsetX": 2.0,
                "ShadowOffsetY": -2.0,
                "AnchorPoint": {
                  "ScaleX": 0.5,
                  "ScaleY": 0.5
                },
                "Position": {
                  "X": 355.1991,
                  "Y": 67.5153
                },
                "Scale": {
                  "ScaleX": 1.0,
                  "ScaleY": 1.0
                },
                "CColor": {
                  "R": 0,
                  "G": 0,
                  "B": 0
                },
                "IconVisible": false,
                "PrePosition": {
                  "X": 0.5748,
                  "Y": 0.5445
                },
                "PreSize": {
                  "X": 0.8091,
                  "Y": 0.8871
                },
                "LeftMargin": 105.1991,
                "RightMargin": 12.8009,
                "TopMargin": 1.4847,
                "BottomMargin": 12.5153,
                "Tag": 22,
                "ActionTag": -292817272,
                "Size": {
                  "X": 500.0,
                  "Y": 110.0
                },
                "Name": "lbl_ans2",
                "ctype": "TextObjectData"
              },
              {
                "FileData": {
                  "Type": "Normal",
                  "Path": "art/bganschoose.png",
                  "Plist": ""
                },
                "BlendFunc": {
                  "Src": 1,
                  "Dst": 771
                },
                "AnchorPoint": {
                  "ScaleX": 0.5,
                  "ScaleY": 0.5
                },
                "Position": {
                  "X": 306.8526,
                  "Y": 67.6654
                },
                "Scale": {
                  "ScaleX": 1.0,
                  "ScaleY": 1.0
                },
                "CColor": {},
                "IconVisible": false,
                "PrePosition": {
                  "X": 0.4965,
                  "Y": 0.5457
                },
                "PreSize": {
                  "X": 0.9935,
                  "Y": 0.9597
                },
                "LeftMargin": -0.1474,
                "RightMargin": 4.1474,
                "TopMargin": -3.1654,
                "BottomMargin": 8.1654,
                "Tag": 23,
                "ActionTag": -690667695,
                "Size": {
                  "X": 614.0,
                  "Y": 119.0
                },
                "Name": "spr_ansTF2",
                "ctype": "SpriteObjectData"
              }
            ],
            "ActionTag": 980977369,
            "Size": {
              "X": 618.0,
              "Y": 124.0
            },
            "Name": "btn_ans2",
            "ctype": "ButtonObjectData"
          },
          {
            "FontSize": 14,
            "ButtonText": "",
            "TextColor": {
              "R": 65,
              "G": 65,
              "B": 70
            },
            "DisabledFileData": {
              "Type": "Normal",
              "Path": "art/btn_d3.png",
              "Plist": ""
            },
            "PressedFileData": {
              "Type": "Normal",
              "Path": "art/btn_d2.png",
              "Plist": ""
            },
            "NormalFileData": {
              "Type": "Normal",
              "Path": "art/btn_d1.png",
              "Plist": ""
            },
            "Scale9Enable": true,
            "Scale9OriginX": 15,
            "Scale9OriginY": 11,
            "Scale9Width": 588,
            "Scale9Height": 102,
            "OutlineColor": {
              "G": 0,
              "B": 0
            },
            "ShadowColor": {
              "R": 110,
              "G": 110,
              "B": 110
            },
            "ShadowOffsetX": 2.0,
            "ShadowOffsetY": -2.0,
            "TouchEnable": true,
            "AnchorPoint": {
              "ScaleX": 0.5,
              "ScaleY": 0.5
            },
            "Position": {
              "X": 914.0837,
              "Y": 189.2118
            },
            "Scale": {
              "ScaleX": 1.0,
              "ScaleY": 1.0
            },
            "CColor": {},
            "IconVisible": false,
            "PrePosition": {
              "X": 0.7141,
              "Y": 0.2365
            },
            "PreSize": {
              "X": 0.4828,
              "Y": 0.155
            },
            "LeftMargin": 605.0837,
            "RightMargin": 56.9163,
            "TopMargin": 548.7882,
            "BottomMargin": 127.2118,
            "Tag": 24,
            "Children": [
              {
                "IsCustomSize": true,
                "FontSize": 16,
                "LabelText": "UNCLOS cho phép các bên có quyền lựa chọn một trong 4 cơ chế: Tòa án công lý quốc tế, Tòa án quốc tế về Luật biển, Trọng tài theo phụ lục VII và Trọng tài theo phụ lục VIII. Nếu các bên không lựa chọn một trong số 4 cơ chế nêu trên thì Trọng tài theo phụ lục VII là cơ chế bắt buộc được sử dụng để giải quyết tranh chấp",
                "FontResource": {
                  "Type": "Normal",
                  "Path": "font/UVNVan_B.TTF",
                  "Plist": ""
                },
                "VerticalAlignmentType": "VT_Center",
                "OutlineColor": {
                  "G": 0,
                  "B": 0
                },
                "ShadowColor": {
                  "R": 110,
                  "G": 110,
                  "B": 110
                },
                "ShadowOffsetX": 2.0,
                "ShadowOffsetY": -2.0,
                "AnchorPoint": {
                  "ScaleX": 0.5,
                  "ScaleY": 0.5
                },
                "Position": {
                  "X": 355.1991,
                  "Y": 67.5153
                },
                "Scale": {
                  "ScaleX": 1.0,
                  "ScaleY": 1.0
                },
                "CColor": {
                  "R": 0,
                  "G": 0,
                  "B": 0
                },
                "IconVisible": false,
                "PrePosition": {
                  "X": 0.5748,
                  "Y": 0.5445
                },
                "PreSize": {
                  "X": 0.8091,
                  "Y": 0.8871
                },
                "LeftMargin": 105.1991,
                "RightMargin": 12.8009,
                "TopMargin": 1.4847,
                "BottomMargin": 12.5153,
                "Tag": 25,
                "ActionTag": 1848045091,
                "Size": {
                  "X": 500.0,
                  "Y": 110.0
                },
                "Name": "lbl_ans3",
                "ctype": "TextObjectData"
              },
              {
                "FileData": {
                  "Type": "Normal",
                  "Path": "art/bganschoose.png",
                  "Plist": ""
                },
                "BlendFunc": {
                  "Src": 1,
                  "Dst": 771
                },
                "AnchorPoint": {
                  "ScaleX": 0.5,
                  "ScaleY": 0.5
                },
                "Position": {
                  "X": 306.8526,
                  "Y": 68.8649
                },
                "Scale": {
                  "ScaleX": 1.0,
                  "ScaleY": 1.0
                },
                "CColor": {},
                "IconVisible": false,
                "PrePosition": {
                  "X": 0.4965,
                  "Y": 0.5554
                },
                "PreSize": {
                  "X": 0.9935,
                  "Y": 0.9597
                },
                "LeftMargin": -0.1474,
                "RightMargin": 4.1474,
                "TopMargin": -4.3649,
                "BottomMargin": 9.3649,
                "Tag": 26,
                "ActionTag": 1561279088,
                "Size": {
                  "X": 614.0,
                  "Y": 119.0
                },
                "Name": "spr_ansTF3",
                "ctype": "SpriteObjectData"
              }
            ],
            "ActionTag": 1333646679,
            "Size": {
              "X": 618.0,
              "Y": 124.0
            },
            "Name": "btn_ans3",
            "ctype": "ButtonObjectData"
          },
          {
            "FontSize": 26,
            "ButtonText": "Câu tiếp theo",
            "FontResource": {
              "Type": "Normal",
              "Path": "font/UVNVan_B.TTF",
              "Plist": ""
            },
            "TextColor": {
              "R": 65,
              "G": 65,
              "B": 70
            },
            "DisabledFileData": {
              "Type": "Normal",
              "Path": "art/btn_dis.png",
              "Plist": ""
            },
            "PressedFileData": {
              "Type": "Normal",
              "Path": "art/btn_12.png",
              "Plist": ""
            },
            "NormalFileData": {
              "Type": "Normal",
              "Path": "art/btn_11.png",
              "Plist": ""
            },
            "Scale9Enable": true,
            "Scale9OriginX": 15,
            "Scale9OriginY": 11,
            "Scale9Width": 188,
            "Scale9Height": 58,
            "OutlineColor": {
              "G": 0,
              "B": 0
            },
            "ShadowColor": {
              "R": 110,
              "G": 110,
              "B": 110
            },
            "ShadowOffsetX": 2.0,
            "ShadowOffsetY": -2.0,
            "TouchEnable": true,
            "AnchorPoint": {
              "ScaleX": 0.5,
              "ScaleY": 0.5
            },
            "Position": {
              "X": 296.4055,
              "Y": 146.03
            },
            "Scale": {
              "ScaleX": 1.0,
              "ScaleY": 1.0
            },
            "CColor": {},
            "IconVisible": false,
            "PrePosition": {
              "X": 0.2316,
              "Y": 0.1825
            },
            "PreSize": {
              "X": 0.1703,
              "Y": 0.1
            },
            "LeftMargin": 187.4055,
            "RightMargin": 874.5945,
            "TopMargin": 613.97,
            "BottomMargin": 106.03,
            "Tag": 27,
            "ActionTag": -352876613,
            "Size": {
              "X": 218.0,
              "Y": 80.0
            },
            "Name": "btn_nextquest",
            "ctype": "ButtonObjectData"
          },
          {
            "FontSize": 26,
            "ButtonText": "Kết thúc",
            "FontResource": {
              "Type": "Normal",
              "Path": "font/UVNVan_B.TTF",
              "Plist": ""
            },
            "TextColor": {
              "R": 65,
              "G": 65,
              "B": 70
            },
            "DisabledFileData": {
              "Type": "Normal",
              "Path": "art/btn_dis.png",
              "Plist": ""
            },
            "PressedFileData": {
              "Type": "Normal",
              "Path": "art/btn32.png",
              "Plist": ""
            },
            "NormalFileData": {
              "Type": "Normal",
              "Path": "art/btn31.png",
              "Plist": ""
            },
            "Scale9Enable": true,
            "Scale9OriginX": 15,
            "Scale9OriginY": 11,
            "Scale9Width": 188,
            "Scale9Height": 58,
            "OutlineColor": {
              "G": 0,
              "B": 0
            },
            "ShadowColor": {
              "R": 110,
              "G": 110,
              "B": 110
            },
            "ShadowOffsetX": 2.0,
            "ShadowOffsetY": -2.0,
            "TouchEnable": true,
            "AnchorPoint": {
              "ScaleX": 0.5,
              "ScaleY": 0.5
            },
            "Position": {
              "X": 1109.9338,
              "Y": 59.4973
            },
            "Scale": {
              "ScaleX": 1.0,
              "ScaleY": 1.0
            },
            "CColor": {},
            "IconVisible": false,
            "PrePosition": {
              "X": 0.8671,
              "Y": 0.0744
            },
            "PreSize": {
              "X": 0.1703,
              "Y": 0.1
            },
            "LeftMargin": 1000.9338,
            "RightMargin": 61.0662,
            "TopMargin": 700.5027,
            "BottomMargin": 19.4973,
            "Tag": 28,
            "ActionTag": 846028324,
            "Size": {
              "X": 218.0,
              "Y": 80.0
            },
            "Name": "btn_end",
            "ctype": "ButtonObjectData"
          },
          {
            "FileData": {
              "Type": "Normal",
              "Path": "art/bg_time.png",
              "Plist": ""
            },
            "BlendFunc": {
              "Src": 1,
              "Dst": 771
            },
            "AnchorPoint": {
              "ScaleX": 0.5,
              "ScaleY": 0.5
            },
            "Position": {
              "X": 1154.9336,
              "Y": 715.5082
            },
            "Scale": {
              "ScaleX": 1.0,
              "ScaleY": 1.0
            },
            "CColor": {},
            "IconVisible": false,
            "PrePosition": {
              "X": 0.9023,
              "Y": 0.8944
            },
            "PreSize": {
              "X": 0.1125,
              "Y": 0.1813
            },
            "LeftMargin": 1082.9336,
            "RightMargin": 53.0664,
            "TopMargin": 11.9918,
            "BottomMargin": 643.0082,
            "Tag": 41,
            "Children": [
              {
                "IsCustomSize": true,
                "FontSize": 36,
                "LabelText": "09:30",
                "FontResource": {
                  "Type": "Normal",
                  "Path": "font/UVNVan_B.TTF",
                  "Plist": ""
                },
                "HorizontalAlignmentType": "HT_Center",
                "VerticalAlignmentType": "VT_Center",
                "OutlineColor": {
                  "G": 0,
                  "B": 0
                },
                "ShadowColor": {
                  "R": 110,
                  "G": 110,
                  "B": 110
                },
                "ShadowOffsetX": 2.0,
                "ShadowOffsetY": -2.0,
                "AnchorPoint": {
                  "ScaleX": 0.5,
                  "ScaleY": 0.5
                },
                "Position": {
                  "X": 71.2886,
                  "Y": 81.7384
                },
                "Scale": {
                  "ScaleX": 1.0,
                  "ScaleY": 1.0
                },
                "CColor": {},
                "IconVisible": false,
                "PrePosition": {
                  "X": 0.4951,
                  "Y": 0.5637
                },
                "PreSize": {
                  "X": 0.6944,
                  "Y": 0.6897
                },
                "LeftMargin": 21.2886,
                "RightMargin": 22.7114,
                "TopMargin": 13.2616,
                "BottomMargin": 31.7384,
                "Tag": 42,
                "ActionTag": 2037016887,
                "Size": {
                  "X": 100.0,
                  "Y": 100.0
                },
                "Name": "lbl_time",
                "ctype": "TextObjectData"
              }
            ],
            "ActionTag": -1392551372,
            "Size": {
              "X": 144.0,
              "Y": 145.0
            },
            "Name": "spr_bgtime",
            "ctype": "SpriteObjectData"
          },
          {
            "FontSize": 14,
            "ButtonText": "10",
            "FontResource": {
              "Type": "Normal",
              "Path": "font/UVNVan_B.TTF",
              "Plist": ""
            },
            "TextColor": {
              "R": 65,
              "G": 65,
              "B": 70
            },
            "DisabledFileData": {
              "Type": "Normal",
              "Path": "art/nbquest2.png",
              "Plist": ""
            },
            "PressedFileData": {
              "Type": "Normal",
              "Path": "art/nbquest2.png",
              "Plist": ""
            },
            "NormalFileData": {
              "Type": "Normal",
              "Path": "art/nbquest1.png",
              "Plist": ""
            },
            "Scale9Enable": true,
            "Scale9OriginX": 15,
            "Scale9OriginY": 11,
            "Scale9Width": 14,
            "Scale9Height": 21,
            "OutlineColor": {
              "G": 0,
              "B": 0
            },
            "ShadowColor": {
              "R": 110,
              "G": 110,
              "B": 110
            },
            "ShadowOffsetX": 2.0,
            "ShadowOffsetY": -2.0,
            "TouchEnable": true,
            "AnchorPoint": {
              "ScaleX": 0.5,
              "ScaleY": 0.5
            },
            "Position": {
              "X": 196.2829,
              "Y": 60.9797
            },
            "Scale": {
              "ScaleX": 1.0,
              "ScaleY": 1.0
            },
            "CColor": {},
            "IconVisible": false,
            "PrePosition": {
              "X": 0.1533,
              "Y": 0.0762
            },
            "PreSize": {
              "X": 0.0344,
              "Y": 0.0538
            },
            "LeftMargin": 174.2829,
            "RightMargin": 1061.717,
            "TopMargin": 717.5203,
            "BottomMargin": 39.4797,
            "Tag": 193,
            "ActionTag": 1072176734,
            "Size": {
              "X": 44.0,
              "Y": 43.0
            },
            "Name": "btn_quest0",
            "ctype": "ButtonObjectData"
          },
          {
            "FontSize": 14,
            "ButtonText": "15",
            "FontResource": {
              "Type": "Normal",
              "Path": "font/UVNVan_B.TTF",
              "Plist": ""
            },
            "TextColor": {
              "R": 65,
              "G": 65,
              "B": 70
            },
            "DisabledFileData": {
              "Type": "Normal",
              "Path": "art/nbquest2.png",
              "Plist": ""
            },
            "PressedFileData": {
              "Type": "Normal",
              "Path": "art/nbquest2.png",
              "Plist": ""
            },
            "NormalFileData": {
              "Type": "Normal",
              "Path": "art/nbquest1.png",
              "Plist": ""
            },
            "Scale9Enable": true,
            "Scale9OriginX": 15,
            "Scale9OriginY": 11,
            "Scale9Width": 14,
            "Scale9Height": 21,
            "OutlineColor": {
              "G": 0,
              "B": 0
            },
            "ShadowColor": {
              "R": 110,
              "G": 110,
              "B": 110
            },
            "ShadowOffsetX": 2.0,
            "ShadowOffsetY": -2.0,
            "TouchEnable": true,
            "AnchorPoint": {
              "ScaleX": 0.5,
              "ScaleY": 0.5
            },
            "Position": {
              "X": 245.7928,
              "Y": 60.6796
            },
            "Scale": {
              "ScaleX": 1.0,
              "ScaleY": 1.0
            },
            "CColor": {},
            "IconVisible": false,
            "PrePosition": {
              "X": 0.192,
              "Y": 0.0758
            },
            "PreSize": {
              "X": 0.0344,
              "Y": 0.0538
            },
            "LeftMargin": 223.7928,
            "RightMargin": 1012.2072,
            "TopMargin": 717.8204,
            "BottomMargin": 39.1796,
            "Tag": 194,
            "ActionTag": 1176258598,
            "Size": {
              "X": 44.0,
              "Y": 43.0
            },
            "Name": "btn_quest1",
            "ctype": "ButtonObjectData"
          },
          {
            "FontSize": 14,
            "ButtonText": "10",
            "FontResource": {
              "Type": "Normal",
              "Path": "font/UVNVan_B.TTF",
              "Plist": ""
            },
            "TextColor": {
              "R": 65,
              "G": 65,
              "B": 70
            },
            "DisabledFileData": {
              "Type": "Normal",
              "Path": "art/nbquest2.png",
              "Plist": ""
            },
            "PressedFileData": {
              "Type": "Normal",
              "Path": "art/nbquest2.png",
              "Plist": ""
            },
            "NormalFileData": {
              "Type": "Normal",
              "Path": "art/nbquest1.png",
              "Plist": ""
            },
            "Scale9Enable": true,
            "Scale9OriginX": 15,
            "Scale9OriginY": 11,
            "Scale9Width": 14,
            "Scale9Height": 21,
            "OutlineColor": {
              "G": 0,
              "B": 0
            },
            "ShadowColor": {
              "R": 110,
              "G": 110,
              "B": 110
            },
            "ShadowOffsetX": 2.0,
            "ShadowOffsetY": -2.0,
            "TouchEnable": true,
            "AnchorPoint": {
              "ScaleX": 0.5,
              "ScaleY": 0.5
            },
            "Position": {
              "X": 291.1315,
              "Y": 58.6643
            },
            "Scale": {
              "ScaleX": 1.0,
              "ScaleY": 1.0
            },
            "CColor": {},
            "IconVisible": false,
            "PrePosition": {
              "X": 0.2274,
              "Y": 0.0733
            },
            "PreSize": {
              "X": 0.0344,
              "Y": 0.0538
            },
            "LeftMargin": 269.1315,
            "RightMargin": 966.8685,
            "TopMargin": 719.8358,
            "BottomMargin": 37.1643,
            "Tag": 195,
            "ActionTag": 678114702,
            "Size": {
              "X": 44.0,
              "Y": 43.0
            },
            "Name": "btn_quest2",
            "ctype": "ButtonObjectData"
          },
          {
            "FontSize": 14,
            "ButtonText": "10",
            "FontResource": {
              "Type": "Normal",
              "Path": "font/UVNVan_B.TTF",
              "Plist": ""
            },
            "TextColor": {
              "R": 65,
              "G": 65,
              "B": 70
            },
            "DisabledFileData": {
              "Type": "Normal",
              "Path": "art/nbquest2.png",
              "Plist": ""
            },
            "PressedFileData": {
              "Type": "Normal",
              "Path": "art/nbquest2.png",
              "Plist": ""
            },
            "NormalFileData": {
              "Type": "Normal",
              "Path": "art/nbquest1.png",
              "Plist": ""
            },
            "Scale9Enable": true,
            "Scale9OriginX": 15,
            "Scale9OriginY": 11,
            "Scale9Width": 14,
            "Scale9Height": 21,
            "OutlineColor": {
              "G": 0,
              "B": 0
            },
            "ShadowColor": {
              "R": 110,
              "G": 110,
              "B": 110
            },
            "ShadowOffsetX": 2.0,
            "ShadowOffsetY": -2.0,
            "TouchEnable": true,
            "AnchorPoint": {
              "ScaleX": 0.5,
              "ScaleY": 0.5
            },
            "Position": {
              "X": 332.4402,
              "Y": 56.6491
            },
            "Scale": {
              "ScaleX": 1.0,
              "ScaleY": 1.0
            },
            "CColor": {},
            "IconVisible": false,
            "PrePosition": {
              "X": 0.2597,
              "Y": 0.0708
            },
            "PreSize": {
              "X": 0.0344,
              "Y": 0.0538
            },
            "LeftMargin": 310.4402,
            "RightMargin": 925.5598,
            "TopMargin": 721.851,
            "BottomMargin": 35.1491,
            "Tag": 196,
            "ActionTag": -1398291545,
            "Size": {
              "X": 44.0,
              "Y": 43.0
            },
            "Name": "btn_quest3",
            "ctype": "ButtonObjectData"
          },
          {
            "FontSize": 14,
            "ButtonText": "10",
            "FontResource": {
              "Type": "Normal",
              "Path": "font/UVNVan_B.TTF",
              "Plist": ""
            },
            "TextColor": {
              "R": 65,
              "G": 65,
              "B": 70
            },
            "DisabledFileData": {
              "Type": "Normal",
              "Path": "art/nbquest2.png",
              "Plist": ""
            },
            "PressedFileData": {
              "Type": "Normal",
              "Path": "art/nbquest2.png",
              "Plist": ""
            },
            "NormalFileData": {
              "Type": "Normal",
              "Path": "art/nbquest1.png",
              "Plist": ""
            },
            "Scale9Enable": true,
            "Scale9OriginX": 15,
            "Scale9OriginY": 11,
            "Scale9Width": 14,
            "Scale9Height": 21,
            "OutlineColor": {
              "G": 0,
              "B": 0
            },
            "ShadowColor": {
              "R": 110,
              "G": 110,
              "B": 110
            },
            "ShadowOffsetX": 2.0,
            "ShadowOffsetY": -2.0,
            "TouchEnable": true,
            "AnchorPoint": {
              "ScaleX": 0.5,
              "ScaleY": 0.5
            },
            "Position": {
              "X": 378.7864,
              "Y": 56.649
            },
            "Scale": {
              "ScaleX": 1.0,
              "ScaleY": 1.0
            },
            "CColor": {},
            "IconVisible": false,
            "PrePosition": {
              "X": 0.2959,
              "Y": 0.0708
            },
            "PreSize": {
              "X": 0.0344,
              "Y": 0.0538
            },
            "LeftMargin": 356.7864,
            "RightMargin": 879.2136,
            "TopMargin": 721.851,
            "BottomMargin": 35.149,
            "Tag": 197,
            "ActionTag": 778765744,
            "Size": {
              "X": 44.0,
              "Y": 43.0
            },
            "Name": "btn_quest4",
            "ctype": "ButtonObjectData"
          },
          {
            "FontSize": 14,
            "ButtonText": "10",
            "FontResource": {
              "Type": "Normal",
              "Path": "font/UVNVan_B.TTF",
              "Plist": ""
            },
            "TextColor": {
              "R": 65,
              "G": 65,
              "B": 70
            },
            "DisabledFileData": {
              "Type": "Normal",
              "Path": "art/nbquest2.png",
              "Plist": ""
            },
            "PressedFileData": {
              "Type": "Normal",
              "Path": "art/nbquest2.png",
              "Plist": ""
            },
            "NormalFileData": {
              "Type": "Normal",
              "Path": "art/nbquest1.png",
              "Plist": ""
            },
            "Scale9Enable": true,
            "Scale9OriginX": 15,
            "Scale9OriginY": 11,
            "Scale9Width": 14,
            "Scale9Height": 21,
            "OutlineColor": {
              "G": 0,
              "B": 0
            },
            "ShadowColor": {
              "R": 110,
              "G": 110,
              "B": 110
            },
            "ShadowOffsetX": 2.0,
            "ShadowOffsetY": -2.0,
            "TouchEnable": true,
            "AnchorPoint": {
              "ScaleX": 0.5,
              "ScaleY": 0.5
            },
            "Position": {
              "X": 424.1246,
              "Y": 55.6414
            },
            "Scale": {
              "ScaleX": 1.0,
              "ScaleY": 1.0
            },
            "CColor": {},
            "IconVisible": false,
            "PrePosition": {
              "X": 0.3313,
              "Y": 0.0696
            },
            "PreSize": {
              "X": 0.0344,
              "Y": 0.0538
            },
            "LeftMargin": 402.1246,
            "RightMargin": 833.8754,
            "TopMargin": 722.8586,
            "BottomMargin": 34.1414,
            "Tag": 198,
            "ActionTag": 1646105713,
            "Size": {
              "X": 44.0,
              "Y": 43.0
            },
            "Name": "btn_quest5",
            "ctype": "ButtonObjectData"
          },
          {
            "FontSize": 14,
            "ButtonText": "10",
            "FontResource": {
              "Type": "Normal",
              "Path": "font/UVNVan_B.TTF",
              "Plist": ""
            },
            "TextColor": {
              "R": 65,
              "G": 65,
              "B": 70
            },
            "DisabledFileData": {
              "Type": "Normal",
              "Path": "art/nbquest2.png",
              "Plist": ""
            },
            "PressedFileData": {
              "Type": "Normal",
              "Path": "art/nbquest2.png",
              "Plist": ""
            },
            "NormalFileData": {
              "Type": "Normal",
              "Path": "art/nbquest1.png",
              "Plist": ""
            },
            "Scale9Enable": true,
            "Scale9OriginX": 15,
            "Scale9OriginY": 11,
            "Scale9Width": 14,
            "Scale9Height": 21,
            "OutlineColor": {
              "G": 0,
              "B": 0
            },
            "ShadowColor": {
              "R": 110,
              "G": 110,
              "B": 110
            },
            "ShadowOffsetX": 2.0,
            "ShadowOffsetY": -2.0,
            "TouchEnable": true,
            "AnchorPoint": {
              "ScaleX": 0.5,
              "ScaleY": 0.5
            },
            "Position": {
              "X": 466.4408,
              "Y": 56.6488
            },
            "Scale": {
              "ScaleX": 1.0,
              "ScaleY": 1.0
            },
            "CColor": {},
            "IconVisible": false,
            "PrePosition": {
              "X": 0.3644,
              "Y": 0.0708
            },
            "PreSize": {
              "X": 0.0344,
              "Y": 0.0538
            },
            "LeftMargin": 444.4408,
            "RightMargin": 791.5592,
            "TopMargin": 721.8513,
            "BottomMargin": 35.1488,
            "Tag": 199,
            "ActionTag": 1535774847,
            "Size": {
              "X": 44.0,
              "Y": 43.0
            },
            "Name": "btn_quest6",
            "ctype": "ButtonObjectData"
          },
          {
            "FontSize": 14,
            "ButtonText": "10",
            "FontResource": {
              "Type": "Normal",
              "Path": "font/UVNVan_B.TTF",
              "Plist": ""
            },
            "TextColor": {
              "R": 65,
              "G": 65,
              "B": 70
            },
            "DisabledFileData": {
              "Type": "Normal",
              "Path": "art/nbquest2.png",
              "Plist": ""
            },
            "PressedFileData": {
              "Type": "Normal",
              "Path": "art/nbquest2.png",
              "Plist": ""
            },
            "NormalFileData": {
              "Type": "Normal",
              "Path": "art/nbquest1.png",
              "Plist": ""
            },
            "Scale9Enable": true,
            "Scale9OriginX": 15,
            "Scale9OriginY": 11,
            "Scale9Width": 14,
            "Scale9Height": 21,
            "OutlineColor": {
              "G": 0,
              "B": 0
            },
            "ShadowColor": {
              "R": 110,
              "G": 110,
              "B": 110
            },
            "ShadowOffsetX": 2.0,
            "ShadowOffsetY": -2.0,
            "TouchEnable": true,
            "AnchorPoint": {
              "ScaleX": 0.5,
              "ScaleY": 0.5
            },
            "Position": {
              "X": 510.7717,
              "Y": 58.6637
            },
            "Scale": {
              "ScaleX": 1.0,
              "ScaleY": 1.0
            },
            "CColor": {},
            "IconVisible": false,
            "PrePosition": {
              "X": 0.399,
              "Y": 0.0733
            },
            "PreSize": {
              "X": 0.0344,
              "Y": 0.0538
            },
            "LeftMargin": 488.7717,
            "RightMargin": 747.2283,
            "TopMargin": 719.8363,
            "BottomMargin": 37.1637,
            "Tag": 200,
            "ActionTag": -741436668,
            "Size": {
              "X": 44.0,
              "Y": 43.0
            },
            "Name": "btn_quest7",
            "ctype": "ButtonObjectData"
          },
          {
            "FontSize": 14,
            "ButtonText": "10",
            "FontResource": {
              "Type": "Normal",
              "Path": "font/UVNVan_B.TTF",
              "Plist": ""
            },
            "TextColor": {
              "R": 65,
              "G": 65,
              "B": 70
            },
            "DisabledFileData": {
              "Type": "Normal",
              "Path": "art/nbquest2.png",
              "Plist": ""
            },
            "PressedFileData": {
              "Type": "Normal",
              "Path": "art/nbquest2.png",
              "Plist": ""
            },
            "NormalFileData": {
              "Type": "Normal",
              "Path": "art/nbquest1.png",
              "Plist": ""
            },
            "Scale9Enable": true,
            "Scale9OriginX": 15,
            "Scale9OriginY": 11,
            "Scale9Width": 14,
            "Scale9Height": 21,
            "OutlineColor": {
              "G": 0,
              "B": 0
            },
            "ShadowColor": {
              "R": 110,
              "G": 110,
              "B": 110
            },
            "ShadowOffsetX": 2.0,
            "ShadowOffsetY": -2.0,
            "TouchEnable": true,
            "AnchorPoint": {
              "ScaleX": 0.5,
              "ScaleY": 0.5
            },
            "Position": {
              "X": 560.1403,
              "Y": 61.6862
            },
            "Scale": {
              "ScaleX": 1.0,
              "ScaleY": 1.0
            },
            "CColor": {},
            "IconVisible": false,
            "PrePosition": {
              "X": 0.4376,
              "Y": 0.0771
            },
            "PreSize": {
              "X": 0.0344,
              "Y": 0.0538
            },
            "LeftMargin": 538.1403,
            "RightMargin": 697.8597,
            "TopMargin": 716.8138,
            "BottomMargin": 40.1862,
            "Tag": 201,
            "ActionTag": -2089795123,
            "Size": {
              "X": 44.0,
              "Y": 43.0
            },
            "Name": "btn_quest8",
            "ctype": "ButtonObjectData"
          },
          {
            "FontSize": 14,
            "ButtonText": "10",
            "FontResource": {
              "Type": "Normal",
              "Path": "font/UVNVan_B.TTF",
              "Plist": ""
            },
            "TextColor": {
              "R": 65,
              "G": 65,
              "B": 70
            },
            "DisabledFileData": {
              "Type": "Normal",
              "Path": "art/nbquest2.png",
              "Plist": ""
            },
            "PressedFileData": {
              "Type": "Normal",
              "Path": "art/nbquest2.png",
              "Plist": ""
            },
            "NormalFileData": {
              "Type": "Normal",
              "Path": "art/nbquest1.png",
              "Plist": ""
            },
            "Scale9Enable": true,
            "Scale9OriginX": 15,
            "Scale9OriginY": 11,
            "Scale9Width": 14,
            "Scale9Height": 21,
            "OutlineColor": {
              "G": 0,
              "B": 0
            },
            "ShadowColor": {
              "R": 110,
              "G": 110,
              "B": 110
            },
            "ShadowOffsetX": 2.0,
            "ShadowOffsetY": -2.0,
            "TouchEnable": true,
            "AnchorPoint": {
              "ScaleX": 0.5,
              "ScaleY": 0.5
            },
            "Position": {
              "X": 603.463,
              "Y": 59.671
            },
            "Scale": {
              "ScaleX": 1.0,
              "ScaleY": 1.0
            },
            "CColor": {},
            "IconVisible": false,
            "PrePosition": {
              "X": 0.4715,
              "Y": 0.0746
            },
            "PreSize": {
              "X": 0.0344,
              "Y": 0.0538
            },
            "LeftMargin": 581.463,
            "RightMargin": 654.537,
            "TopMargin": 718.829,
            "BottomMargin": 38.171,
            "Tag": 202,
            "ActionTag": 1114846227,
            "Size": {
              "X": 44.0,
              "Y": 43.0
            },
            "Name": "btn_quest9",
            "ctype": "ButtonObjectData"
          },
          {
            "FontSize": 14,
            "ButtonText": "10",
            "FontResource": {
              "Type": "Normal",
              "Path": "font/UVNVan_B.TTF",
              "Plist": ""
            },
            "TextColor": {
              "R": 65,
              "G": 65,
              "B": 70
            },
            "DisabledFileData": {
              "Type": "Normal",
              "Path": "art/nbquest2.png",
              "Plist": ""
            },
            "PressedFileData": {
              "Type": "Normal",
              "Path": "art/nbquest2.png",
              "Plist": ""
            },
            "NormalFileData": {
              "Type": "Normal",
              "Path": "art/nbquest1.png",
              "Plist": ""
            },
            "Scale9Enable": true,
            "Scale9OriginX": 15,
            "Scale9OriginY": 11,
            "Scale9Width": 14,
            "Scale9Height": 21,
            "OutlineColor": {
              "G": 0,
              "B": 0
            },
            "ShadowColor": {
              "R": 110,
              "G": 110,
              "B": 110
            },
            "ShadowOffsetX": 2.0,
            "ShadowOffsetY": -2.0,
            "TouchEnable": true,
            "AnchorPoint": {
              "ScaleX": 0.5,
              "ScaleY": 0.5
            },
            "Position": {
              "X": 644.7712,
              "Y": 59.6708
            },
            "Scale": {
              "ScaleX": 1.0,
              "ScaleY": 1.0
            },
            "CColor": {},
            "IconVisible": false,
            "PrePosition": {
              "X": 0.5037,
              "Y": 0.0746
            },
            "PreSize": {
              "X": 0.0344,
              "Y": 0.0538
            },
            "LeftMargin": 622.7712,
            "RightMargin": 613.2288,
            "TopMargin": 718.8292,
            "BottomMargin": 38.1708,
            "Tag": 203,
            "ActionTag": -1262942705,
            "Size": {
              "X": 44.0,
              "Y": 43.0
            },
            "Name": "btn_quest10",
            "ctype": "ButtonObjectData"
          },
          {
            "FontSize": 14,
            "ButtonText": "10",
            "FontResource": {
              "Type": "Normal",
              "Path": "font/UVNVan_B.TTF",
              "Plist": ""
            },
            "TextColor": {
              "R": 65,
              "G": 65,
              "B": 70
            },
            "DisabledFileData": {
              "Type": "Normal",
              "Path": "art/nbquest2.png",
              "Plist": ""
            },
            "PressedFileData": {
              "Type": "Normal",
              "Path": "art/nbquest2.png",
              "Plist": ""
            },
            "NormalFileData": {
              "Type": "Normal",
              "Path": "art/nbquest1.png",
              "Plist": ""
            },
            "Scale9Enable": true,
            "Scale9OriginX": 15,
            "Scale9OriginY": 11,
            "Scale9Width": 14,
            "Scale9Height": 21,
            "OutlineColor": {
              "G": 0,
              "B": 0
            },
            "ShadowColor": {
              "R": 110,
              "G": 110,
              "B": 110
            },
            "ShadowOffsetX": 2.0,
            "ShadowOffsetY": -2.0,
            "TouchEnable": true,
            "AnchorPoint": {
              "ScaleX": 0.5,
              "ScaleY": 0.5
            },
            "Position": {
              "X": 686.0792,
              "Y": 61.6857
            },
            "Scale": {
              "ScaleX": 1.0,
              "ScaleY": 1.0
            },
            "CColor": {},
            "IconVisible": false,
            "PrePosition": {
              "X": 0.536,
              "Y": 0.0771
            },
            "PreSize": {
              "X": 0.0344,
              "Y": 0.0538
            },
            "LeftMargin": 664.0792,
            "RightMargin": 571.9208,
            "TopMargin": 716.8143,
            "BottomMargin": 40.1857,
            "Tag": 204,
            "ActionTag": 1088921270,
            "Size": {
              "X": 44.0,
              "Y": 43.0
            },
            "Name": "btn_quest11",
            "ctype": "ButtonObjectData"
          },
          {
            "FontSize": 14,
            "ButtonText": "10",
            "FontResource": {
              "Type": "Normal",
              "Path": "font/UVNVan_B.TTF",
              "Plist": ""
            },
            "TextColor": {
              "R": 65,
              "G": 65,
              "B": 70
            },
            "DisabledFileData": {
              "Type": "Normal",
              "Path": "art/nbquest2.png",
              "Plist": ""
            },
            "PressedFileData": {
              "Type": "Normal",
              "Path": "art/nbquest2.png",
              "Plist": ""
            },
            "NormalFileData": {
              "Type": "Normal",
              "Path": "art/nbquest1.png",
              "Plist": ""
            },
            "Scale9Enable": true,
            "Scale9OriginX": 15,
            "Scale9OriginY": 11,
            "Scale9Width": 14,
            "Scale9Height": 21,
            "OutlineColor": {
              "G": 0,
              "B": 0
            },
            "ShadowColor": {
              "R": 110,
              "G": 110,
              "B": 110
            },
            "ShadowOffsetX": 2.0,
            "ShadowOffsetY": -2.0,
            "TouchEnable": true,
            "AnchorPoint": {
              "ScaleX": 0.5,
              "ScaleY": 0.5
            },
            "Position": {
              "X": 727.3872,
              "Y": 61.6857
            },
            "Scale": {
              "ScaleX": 1.0,
              "ScaleY": 1.0
            },
            "CColor": {},
            "IconVisible": false,
            "PrePosition": {
              "X": 0.5683,
              "Y": 0.0771
            },
            "PreSize": {
              "X": 0.0344,
              "Y": 0.0538
            },
            "LeftMargin": 705.3872,
            "RightMargin": 530.6128,
            "TopMargin": 716.8143,
            "BottomMargin": 40.1857,
            "Tag": 205,
            "ActionTag": 1100931566,
            "Size": {
              "X": 44.0,
              "Y": 43.0
            },
            "Name": "btn_quest12",
            "ctype": "ButtonObjectData"
          },
          {
            "FontSize": 14,
            "ButtonText": "10",
            "FontResource": {
              "Type": "Normal",
              "Path": "font/UVNVan_B.TTF",
              "Plist": ""
            },
            "TextColor": {
              "R": 65,
              "G": 65,
              "B": 70
            },
            "DisabledFileData": {
              "Type": "Normal",
              "Path": "art/nbquest2.png",
              "Plist": ""
            },
            "PressedFileData": {
              "Type": "Normal",
              "Path": "art/nbquest2.png",
              "Plist": ""
            },
            "NormalFileData": {
              "Type": "Normal",
              "Path": "art/nbquest1.png",
              "Plist": ""
            },
            "Scale9Enable": true,
            "Scale9OriginX": 15,
            "Scale9OriginY": 11,
            "Scale9Width": 14,
            "Scale9Height": 21,
            "OutlineColor": {
              "G": 0,
              "B": 0
            },
            "ShadowColor": {
              "R": 110,
              "G": 110,
              "B": 110
            },
            "ShadowOffsetX": 2.0,
            "ShadowOffsetY": -2.0,
            "TouchEnable": true,
            "AnchorPoint": {
              "ScaleX": 0.5,
              "ScaleY": 0.5
            },
            "Position": {
              "X": 768.6954,
              "Y": 61.6856
            },
            "Scale": {
              "ScaleX": 1.0,
              "ScaleY": 1.0
            },
            "CColor": {},
            "IconVisible": false,
            "PrePosition": {
              "X": 0.6005,
              "Y": 0.0771
            },
            "PreSize": {
              "X": 0.0344,
              "Y": 0.0538
            },
            "LeftMargin": 746.6954,
            "RightMargin": 489.3046,
            "TopMargin": 716.8145,
            "BottomMargin": 40.1856,
            "Tag": 206,
            "ActionTag": -357904428,
            "Size": {
              "X": 44.0,
              "Y": 43.0
            },
            "Name": "btn_quest13",
            "ctype": "ButtonObjectData"
          },
          {
            "FontSize": 14,
            "ButtonText": "10",
            "FontResource": {
              "Type": "Normal",
              "Path": "font/UVNVan_B.TTF",
              "Plist": ""
            },
            "TextColor": {
              "R": 65,
              "G": 65,
              "B": 70
            },
            "DisabledFileData": {
              "Type": "Normal",
              "Path": "art/nbquest2.png",
              "Plist": ""
            },
            "PressedFileData": {
              "Type": "Normal",
              "Path": "art/nbquest2.png",
              "Plist": ""
            },
            "NormalFileData": {
              "Type": "Normal",
              "Path": "art/nbquest1.png",
              "Plist": ""
            },
            "Scale9Enable": true,
            "Scale9OriginX": 15,
            "Scale9OriginY": 11,
            "Scale9Width": 14,
            "Scale9Height": 21,
            "OutlineColor": {
              "G": 0,
              "B": 0
            },
            "ShadowColor": {
              "R": 110,
              "G": 110,
              "B": 110
            },
            "ShadowOffsetX": 2.0,
            "ShadowOffsetY": -2.0,
            "TouchEnable": true,
            "AnchorPoint": {
              "ScaleX": 0.5,
              "ScaleY": 0.5
            },
            "Position": {
              "X": 811.0111,
              "Y": 61.6855
            },
            "Scale": {
              "ScaleX": 1.0,
              "ScaleY": 1.0
            },
            "CColor": {},
            "IconVisible": false,
            "PrePosition": {
              "X": 0.6336,
              "Y": 0.0771
            },
            "PreSize": {
              "X": 0.0344,
              "Y": 0.0538
            },
            "LeftMargin": 789.0111,
            "RightMargin": 446.9889,
            "TopMargin": 716.8145,
            "BottomMargin": 40.1855,
            "Tag": 207,
            "ActionTag": -1562655813,
            "Size": {
              "X": 44.0,
              "Y": 43.0
            },
            "Name": "btn_quest14",
            "ctype": "ButtonObjectData"
          },
          {
            "FontSize": 14,
            "ButtonText": "10",
            "FontResource": {
              "Type": "Normal",
              "Path": "font/UVNVan_B.TTF",
              "Plist": ""
            },
            "TextColor": {
              "R": 65,
              "G": 65,
              "B": 70
            },
            "DisabledFileData": {
              "Type": "Normal",
              "Path": "art/nbquest2.png",
              "Plist": ""
            },
            "PressedFileData": {
              "Type": "Normal",
              "Path": "art/nbquest2.png",
              "Plist": ""
            },
            "NormalFileData": {
              "Type": "Normal",
              "Path": "art/nbquest1.png",
              "Plist": ""
            },
            "Scale9Enable": true,
            "Scale9OriginX": 15,
            "Scale9OriginY": 11,
            "Scale9Width": 14,
            "Scale9Height": 21,
            "OutlineColor": {
              "G": 0,
              "B": 0
            },
            "ShadowColor": {
              "R": 110,
              "G": 110,
              "B": 110
            },
            "ShadowOffsetX": 2.0,
            "ShadowOffsetY": -2.0,
            "TouchEnable": true,
            "AnchorPoint": {
              "ScaleX": 0.5,
              "ScaleY": 0.5
            },
            "Position": {
              "X": 851.3115,
              "Y": 63.7004
            },
            "Scale": {
              "ScaleX": 1.0,
              "ScaleY": 1.0
            },
            "CColor": {},
            "IconVisible": false,
            "PrePosition": {
              "X": 0.6651,
              "Y": 0.0796
            },
            "PreSize": {
              "X": 0.0344,
              "Y": 0.0538
            },
            "LeftMargin": 829.3115,
            "RightMargin": 406.6885,
            "TopMargin": 714.7996,
            "BottomMargin": 42.2004,
            "Tag": 208,
            "ActionTag": -582701521,
            "Size": {
              "X": 44.0,
              "Y": 43.0
            },
            "Name": "btn_quest15",
            "ctype": "ButtonObjectData"
          },
          {
            "FontSize": 14,
            "ButtonText": "10",
            "FontResource": {
              "Type": "Normal",
              "Path": "font/UVNVan_B.TTF",
              "Plist": ""
            },
            "TextColor": {
              "R": 65,
              "G": 65,
              "B": 70
            },
            "DisabledFileData": {
              "Type": "Normal",
              "Path": "art/nbquest2.png",
              "Plist": ""
            },
            "PressedFileData": {
              "Type": "Normal",
              "Path": "art/nbquest2.png",
              "Plist": ""
            },
            "NormalFileData": {
              "Type": "Normal",
              "Path": "art/nbquest1.png",
              "Plist": ""
            },
            "Scale9Enable": true,
            "Scale9OriginX": 15,
            "Scale9OriginY": 11,
            "Scale9Width": 14,
            "Scale9Height": 21,
            "OutlineColor": {
              "G": 0,
              "B": 0
            },
            "ShadowColor": {
              "R": 110,
              "G": 110,
              "B": 110
            },
            "ShadowOffsetX": 2.0,
            "ShadowOffsetY": -2.0,
            "TouchEnable": true,
            "AnchorPoint": {
              "ScaleX": 0.5,
              "ScaleY": 0.5
            },
            "Position": {
              "X": 892.6191,
              "Y": 63.7004
            },
            "Scale": {
              "ScaleX": 1.0,
              "ScaleY": 1.0
            },
            "CColor": {},
            "IconVisible": false,
            "PrePosition": {
              "X": 0.6974,
              "Y": 0.0796
            },
            "PreSize": {
              "X": 0.0344,
              "Y": 0.0538
            },
            "LeftMargin": 870.6191,
            "RightMargin": 365.3809,
            "TopMargin": 714.7996,
            "BottomMargin": 42.2004,
            "Tag": 209,
            "ActionTag": 1188573883,
            "Size": {
              "X": 44.0,
              "Y": 43.0
            },
            "Name": "btn_quest16",
            "ctype": "ButtonObjectData"
          },
          {
            "FontSize": 14,
            "ButtonText": "10",
            "FontResource": {
              "Type": "Normal",
              "Path": "font/UVNVan_B.TTF",
              "Plist": ""
            },
            "TextColor": {
              "R": 65,
              "G": 65,
              "B": 70
            },
            "DisabledFileData": {
              "Type": "Normal",
              "Path": "art/nbquest2.png",
              "Plist": ""
            },
            "PressedFileData": {
              "Type": "Normal",
              "Path": "art/nbquest2.png",
              "Plist": ""
            },
            "NormalFileData": {
              "Type": "Normal",
              "Path": "art/nbquest1.png",
              "Plist": ""
            },
            "Scale9Enable": true,
            "Scale9OriginX": 15,
            "Scale9OriginY": 11,
            "Scale9Width": 14,
            "Scale9Height": 21,
            "OutlineColor": {
              "G": 0,
              "B": 0
            },
            "ShadowColor": {
              "R": 110,
              "G": 110,
              "B": 110
            },
            "ShadowOffsetX": 2.0,
            "ShadowOffsetY": -2.0,
            "TouchEnable": true,
            "AnchorPoint": {
              "ScaleX": 0.5,
              "ScaleY": 0.5
            },
            "Position": {
              "X": 933.925,
              "Y": 62.6928
            },
            "Scale": {
              "ScaleX": 1.0,
              "ScaleY": 1.0
            },
            "CColor": {},
            "IconVisible": false,
            "PrePosition": {
              "X": 0.7296,
              "Y": 0.0784
            },
            "PreSize": {
              "X": 0.0344,
              "Y": 0.0538
            },
            "LeftMargin": 911.925,
            "RightMargin": 324.075,
            "TopMargin": 715.8073,
            "BottomMargin": 41.1928,
            "Tag": 210,
            "ActionTag": -905714534,
            "Size": {
              "X": 44.0,
              "Y": 43.0
            },
            "Name": "btn_quest17",
            "ctype": "ButtonObjectData"
          },
          {
            "FontSize": 14,
            "ButtonText": "10",
            "FontResource": {
              "Type": "Normal",
              "Path": "font/UVNVan_B.TTF",
              "Plist": ""
            },
            "TextColor": {
              "R": 65,
              "G": 65,
              "B": 70
            },
            "DisabledFileData": {
              "Type": "Normal",
              "Path": "art/nbquest2.png",
              "Plist": ""
            },
            "PressedFileData": {
              "Type": "Normal",
              "Path": "art/nbquest2.png",
              "Plist": ""
            },
            "NormalFileData": {
              "Type": "Normal",
              "Path": "art/nbquest1.png",
              "Plist": ""
            },
            "Scale9Enable": true,
            "Scale9OriginX": 15,
            "Scale9OriginY": 11,
            "Scale9Width": 14,
            "Scale9Height": 21,
            "OutlineColor": {
              "G": 0,
              "B": 0
            },
            "ShadowColor": {
              "R": 110,
              "G": 110,
              "B": 110
            },
            "ShadowOffsetX": 2.0,
            "ShadowOffsetY": -2.0,
            "TouchEnable": true,
            "AnchorPoint": {
              "ScaleX": 0.5,
              "ScaleY": 0.5
            },
            "Position": {
              "X": 196.4143,
              "Y": 21.384
            },
            "Scale": {
              "ScaleX": 1.0,
              "ScaleY": 1.0
            },
            "CColor": {},
            "IconVisible": false,
            "PrePosition": {
              "X": 0.1534,
              "Y": 0.0267
            },
            "PreSize": {
              "X": 0.0344,
              "Y": 0.0538
            },
            "LeftMargin": 174.4143,
            "RightMargin": 1061.5857,
            "TopMargin": 757.116,
            "BottomMargin": -0.116,
            "Tag": 211,
            "ActionTag": 1382632486,
            "Size": {
              "X": 44.0,
              "Y": 43.0
            },
            "Name": "btn_quest18",
            "ctype": "ButtonObjectData"
          },
          {
            "FontSize": 14,
            "ButtonText": "10",
            "FontResource": {
              "Type": "Normal",
              "Path": "font/UVNVan_B.TTF",
              "Plist": ""
            },
            "TextColor": {
              "R": 65,
              "G": 65,
              "B": 70
            },
            "DisabledFileData": {
              "Type": "Normal",
              "Path": "art/nbquest2.png",
              "Plist": ""
            },
            "PressedFileData": {
              "Type": "Normal",
              "Path": "art/nbquest2.png",
              "Plist": ""
            },
            "NormalFileData": {
              "Type": "Normal",
              "Path": "art/nbquest1.png",
              "Plist": ""
            },
            "Scale9Enable": true,
            "Scale9OriginX": 15,
            "Scale9OriginY": 11,
            "Scale9Width": 14,
            "Scale9Height": 21,
            "OutlineColor": {
              "G": 0,
              "B": 0
            },
            "ShadowColor": {
              "R": 110,
              "G": 110,
              "B": 110
            },
            "ShadowOffsetX": 2.0,
            "ShadowOffsetY": -2.0,
            "TouchEnable": true,
            "AnchorPoint": {
              "ScaleX": 0.5,
              "ScaleY": 0.5
            },
            "Position": {
              "X": 251.8283,
              "Y": 21.3839
            },
            "Scale": {
              "ScaleX": 1.0,
              "ScaleY": 1.0
            },
            "CColor": {},
            "IconVisible": false,
            "PrePosition": {
              "X": 0.1967,
              "Y": 0.0267
            },
            "PreSize": {
              "X": 0.0344,
              "Y": 0.0538
            },
            "LeftMargin": 229.8283,
            "RightMargin": 1006.1717,
            "TopMargin": 757.1161,
            "BottomMargin": -0.1161,
            "Tag": 212,
            "ActionTag": 1016636875,
            "Size": {
              "X": 44.0,
              "Y": 43.0
            },
            "Name": "btn_quest19",
            "ctype": "ButtonObjectData"
          }
        ],
        "Size": {
          "X": 1280.0,
          "Y": 800.0
        },
        "Name": "Scene",
        "ctype": "SingleNodeObjectData"
      },
      "UsedResources": [
        "art/bg.jpg",
        "art/bg_quest.png",
        "art/bg_scoreresults.png",
        "art/bg_time.png",
        "art/bg_timeresults.png",
        "art/bganschoose.png",
        "art/btn_11.png",
        "art/btn_12.png",
        "art/btn_a1.png",
        "art/btn_a2.png",
        "art/btn_a3.png",
        "art/btn_b1.png",
        "art/btn_b2.png",
        "art/btn_b3.png",
        "art/btn_c1.png",
        "art/btn_c2.png",
        "art/btn_c3.png",
        "art/btn_d1.png",
        "art/btn_d2.png",
        "art/btn_d3.png",
        "art/btn_dis.png",
        "art/btn31.png",
        "art/btn32.png",
        "art/logo.png",
        "art/nbquest1.png",
        "art/nbquest2.png",
        "font/UVNVan_B.TTF"
      ],
      "ctype": "GameFileData"
    }
  },
  "Type": "Scene"
}